{"xgb_recall": 0.750246062992126, "gat_recall": 0.5029527559055118, "ci_lower": -0.26567809236897366, "ci_upper": -0.23128942371946498, "mcnemar_p": 0.0}