{"gat_fpr": 0.5008242432745256, "hybrid_fpr": 0.4993598961804216, "ci_lower_fpr_red": -0.0032750299241232654, "ci_upper_fpr_red": 0.011352463597238405, "mcnemar_p": 0.48024487076850164}